City_ID,City,Lat,Lng,Max Temp,Humidity,Cloudiness,Wind Speed,Country,Date
0,Barrow,71.2906,-156.7887,12.22,79,90,21.85,US,2021-12-05 23:34:24
1,Boke,10.9409,-14.2967,75.49,85,96,2.89,GN,2021-12-05 23:34:24
2,Rikitea,-23.1203,-134.9692,76.69,73,98,9.4,PF,2021-12-05 23:32:19
3,Nikolskoye,59.7035,30.7861,-1.61,97,8,4.54,RU,2021-12-05 23:34:25
4,Galle,6.0367,80.217,76.62,86,50,4.43,LK,2021-12-05 23:34:25
5,Bredasdorp,-34.5322,20.0403,59.29,96,100,8.48,ZA,2021-12-05 23:29:33
6,Port Alfred,-33.5906,26.891,68.22,92,100,10.11,ZA,2021-12-05 23:32:30
7,Busselton,-33.65,115.3333,61.09,63,62,17.65,AU,2021-12-05 23:34:27
8,Dalby,-27.1833,151.2667,74.1,58,57,15.05,AU,2021-12-05 23:34:27
9,Port Macquarie,-31.4333,152.9167,71.89,69,99,6.2,AU,2021-12-05 23:29:35
10,Gusinoye Ozero,51.1144,106.2614,6.39,96,75,1.39,RU,2021-12-05 23:34:28
11,Vierzon,47.2101,2.0625,42.35,84,100,12.93,FR,2021-12-05 23:34:28
12,Prince George,53.9166,-122.753,19.26,79,1,2.3,CA,2021-12-05 23:34:29
13,Whitehorse,60.7161,-135.0538,-6.9,76,40,18.01,CA,2021-12-05 23:32:04
14,Saint-Philippe,-21.3585,55.7679,76.55,80,33,9.98,RE,2021-12-05 23:34:29
15,Merrill,45.1805,-89.6835,31.77,90,90,0.0,US,2021-12-05 23:34:29
16,Ukiah,39.1502,-123.2078,75.13,42,1,6.91,US,2021-12-05 23:30:02
17,Mataura,-46.1927,168.8643,55.47,46,92,6.33,NZ,2021-12-05 23:34:30
18,Khatanga,71.9667,102.5,-18.65,99,98,6.96,RU,2021-12-05 23:34:30
19,Airai,-8.9266,125.4092,68.77,77,98,1.19,TL,2021-12-05 23:34:32
20,Avarua,-21.2078,-159.775,82.45,78,20,8.05,CK,2021-12-05 23:34:32
21,Sao Jose Da Coroa Grande,-8.8978,-35.1478,77.83,85,44,9.95,BR,2021-12-05 23:34:32
22,Vanavara,60.34,102.2797,-4.92,99,100,2.89,RU,2021-12-05 23:31:18
23,Tuktoyaktuk,69.4541,-133.0374,-18.4,76,1,8.05,CA,2021-12-05 23:34:33
24,Prince Rupert,54.3161,-130.3201,35.29,78,90,5.75,CA,2021-12-05 23:30:38
25,Yellowknife,62.456,-114.3525,-20.58,85,20,2.3,CA,2021-12-05 23:32:31
26,New Norfolk,-42.7826,147.0587,66.92,41,50,6.96,AU,2021-12-05 23:32:21
27,Faanui,-16.4833,-151.75,81.36,66,52,16.42,PF,2021-12-05 23:34:34
28,Port Hedland,-20.3167,118.5667,96.85,20,93,17.27,AU,2021-12-05 23:34:34
29,Manggar,-2.8833,108.2667,77.22,90,100,13.6,ID,2021-12-05 23:34:34
30,Pisco,-13.7,-76.2167,68.05,83,75,16.11,PE,2021-12-05 23:34:35
31,Kiri Buru,22.0833,85.35,63.73,97,100,3.58,IN,2021-12-05 23:34:35
32,Bambous Virieux,-20.3428,57.7575,78.22,78,40,8.05,MU,2021-12-05 23:34:36
33,Pacific Grove,36.6177,-121.9166,69.62,83,40,1.99,US,2021-12-05 23:34:36
34,Arraial Do Cabo,-22.9661,-42.0278,75.16,88,20,16.11,BR,2021-12-05 23:34:37
35,George Town,5.4112,100.3354,77.9,81,20,5.01,MY,2021-12-05 23:34:37
36,Baton Rouge,30.4508,-91.1545,73.85,84,1,6.91,US,2021-12-05 23:30:58
37,Tasiilaq,65.6145,-37.6368,30.16,88,99,23.15,GL,2021-12-05 23:34:38
38,Zyryanka,65.75,150.85,-44.82,97,78,5.44,RU,2021-12-05 23:34:38
39,Qaanaaq,77.484,-69.3632,20.37,82,100,6.73,GL,2021-12-05 23:34:39
40,Lebu,-37.6167,-73.65,58.46,81,0,14.0,CL,2021-12-05 23:34:39
41,Hobart,-42.8794,147.3294,67.26,57,75,4.0,AU,2021-12-05 23:31:53
42,Araouane,18.9048,-3.5265,62.24,15,67,10.11,ML,2021-12-05 23:34:39
43,Punta Arenas,-53.15,-70.9167,53.71,43,20,18.41,CL,2021-12-05 23:32:25
44,Charlestown,-32.95,151.6667,72.1,60,100,1.01,AU,2021-12-05 23:33:12
45,Pokhara,28.2333,83.9833,58.44,43,0,6.42,NP,2021-12-05 23:32:28
46,Kochevo,59.5994,54.3125,-7.96,99,87,4.45,RU,2021-12-05 23:34:40
47,Grand Gaube,-20.0064,57.6608,78.39,70,19,5.99,MU,2021-12-05 23:35:41
48,Grand-Santi,4.25,-54.3833,73.65,98,91,2.86,GF,2021-12-05 23:35:41
49,Vaini,-21.2,-175.2,84.36,84,40,11.5,TO,2021-12-05 23:35:42
50,Carnarvon,-24.8667,113.6333,77.07,69,0,17.27,AU,2021-12-05 23:35:42
51,Tallahassee,30.4383,-84.2807,63.93,91,20,4.61,US,2021-12-05 23:32:35
52,Nordfjordeid,61.9063,5.9915,37.27,91,100,5.82,NO,2021-12-05 23:35:43
53,Ushuaia,-54.8,-68.3,47.86,53,40,25.32,AR,2021-12-05 23:35:43
54,Ust-Nera,64.5667,143.2,-24.16,98,100,5.35,RU,2021-12-05 23:35:44
55,Luderitz,-26.6481,15.1594,60.49,87,0,9.55,NA,2021-12-05 23:34:58
56,Sao Filipe,14.8961,-24.4956,75.72,73,71,11.54,CV,2021-12-05 23:35:45
57,Kavieng,-2.5744,150.7967,83.52,75,96,6.67,PG,2021-12-05 23:35:45
58,Vrangel,42.7297,133.0839,40.17,87,71,2.84,RU,2021-12-05 23:35:46
59,Nagato,34.3833,131.2,44.51,73,4,5.06,JP,2021-12-05 23:35:47
60,Iqaluit,63.7506,-68.5145,10.13,66,90,15.99,CA,2021-12-05 23:35:48
61,Nortelandia,-14.4547,-56.8028,75.31,92,95,0.6,BR,2021-12-05 23:35:49
62,Nanortalik,60.1432,-45.2371,26.87,64,96,32.32,GL,2021-12-05 23:35:49
63,Kangaatsiaq,68.3065,-53.4641,28.85,84,100,22.39,GL,2021-12-05 23:35:50
64,Castro,-24.7911,-50.0119,61.92,93,80,3.09,BR,2021-12-05 23:32:20
65,Santa Cruz,-17.8,-63.1667,78.26,78,75,8.05,BO,2021-12-05 23:35:15
66,Antofagasta,-23.65,-70.4,63.68,76,58,2.51,CL,2021-12-05 23:35:50
67,Port Hardy,50.6996,-127.4199,39.2,86,90,4.61,CA,2021-12-05 23:35:51
68,Albany,42.6001,-73.9662,37.58,61,98,5.3,US,2021-12-05 23:31:09
69,Grindavik,63.8424,-22.4338,39.67,87,90,9.22,IS,2021-12-05 23:35:51
70,Souillac,-20.5167,57.5167,78.37,78,40,8.05,MU,2021-12-05 23:35:52
71,Komsomolskiy,40.4272,71.7189,38.62,80,97,6.91,UZ,2021-12-05 23:35:53
72,Constitucion,-35.3333,-72.4167,58.57,82,4,5.7,CL,2021-12-05 23:35:53
73,Husavik,66.0449,-17.3389,40.91,77,100,26.64,IS,2021-12-05 23:35:54
74,Mildura,-34.2,142.15,73.36,18,58,0.0,AU,2021-12-05 23:35:55
75,Kapaa,22.0752,-159.319,79.12,69,40,3.0,US,2021-12-05 23:35:55
76,Akureyri,65.6835,-18.0878,40.93,60,40,20.71,IS,2021-12-05 23:32:19
77,Bluff,-46.6,168.3333,55.8,52,50,17.22,NZ,2021-12-05 23:35:55
78,Mar Del Plata,-38.0023,-57.5575,63.88,78,0,15.01,AR,2021-12-05 23:32:59
79,Thompson,55.7435,-97.8558,-18.24,69,1,9.22,CA,2021-12-05 23:35:56
80,Soller,39.7662,2.7152,52.86,65,15,18.52,ES,2021-12-05 23:35:56
81,San Quintin,30.4833,-115.95,62.85,77,0,13.31,MX,2021-12-05 23:35:57
82,Lorengau,-2.0226,147.2712,86.94,72,71,16.13,PG,2021-12-05 23:35:57
83,Alice Springs,-23.7,133.8833,76.55,47,3,8.05,AU,2021-12-05 23:31:16
84,Shingu,33.7333,135.9833,52.79,84,99,3.15,JP,2021-12-05 23:35:58
85,Dongying,37.4564,118.4856,43.29,58,100,6.87,CN,2021-12-05 23:35:58
86,Carutapera,-1.195,-46.02,79.21,83,35,7.27,BR,2021-12-05 23:35:59
87,Lasa,46.6166,10.7002,30.61,93,93,5.93,IT,2021-12-05 23:35:59
88,Clyde River,70.4692,-68.5914,10.63,85,100,27.63,CA,2021-12-05 23:36:00
89,Leningradskiy,69.3833,178.4167,-3.19,98,100,17.07,RU,2021-12-05 23:36:00
90,Abu Samrah,35.3029,37.1841,50.13,55,3,3.0,SY,2021-12-05 23:34:36
91,Torbay,47.6666,-52.7314,32.77,79,90,14.97,CA,2021-12-05 23:35:33
92,Saint Anthony,45.0205,-93.218,37.54,66,90,5.99,US,2021-12-05 23:36:01
93,Hermanus,-34.4187,19.2345,60.91,94,100,9.8,ZA,2021-12-05 23:37:01
94,Abulug,18.4453,121.4533,72.12,86,96,6.98,PH,2021-12-05 23:37:01
95,Butaritari,3.0707,172.7902,80.65,83,100,12.68,KI,2021-12-05 23:37:02
96,Kaitangata,-46.2817,169.8464,54.93,57,89,7.76,NZ,2021-12-05 23:37:02
97,Shahreza,32.0339,51.8794,45.03,25,100,3.31,IR,2021-12-05 23:37:03
98,Mayo,38.8876,-76.5119,51.26,68,1,0.0,US,2021-12-05 23:37:03
99,Payo,-3.7508,103.6372,73.89,95,100,2.21,ID,2021-12-05 23:37:04
100,Ribeira Grande,38.5167,-28.7,63.79,73,64,8.41,PT,2021-12-05 23:37:04
101,Hobyo,5.3505,48.5268,78.42,76,22,15.79,SO,2021-12-05 23:37:05
102,Fortuna,40.5982,-124.1573,56.43,72,90,1.01,US,2021-12-05 23:37:05
103,Sumbe,-11.2061,13.8437,77.32,90,70,4.74,AO,2021-12-05 23:37:06
104,Tuatapere,-46.1333,167.6833,55.81,50,82,7.27,NZ,2021-12-05 23:37:06
105,Lagoa,39.05,-27.9833,63.0,76,82,11.7,PT,2021-12-05 23:37:06
106,Berbera,10.4396,45.0143,75.65,67,2,4.83,SO,2021-12-05 23:37:07
107,Cabra,37.4725,-4.4421,47.64,82,4,2.55,ES,2021-12-05 23:37:07
108,Poladpur,17.9802,73.466,68.11,93,1,2.73,IN,2021-12-05 23:37:08
109,Vardo,70.3705,31.1107,7.0,78,29,21.92,NO,2021-12-05 23:37:08
110,Guanica,17.9716,-66.908,81.91,80,100,7.0,PR,2021-12-05 23:37:07
111,Nushki,29.5542,66.0215,45.64,43,0,1.32,PK,2021-12-05 23:37:09
112,Alofi,-19.0595,-169.9187,80.49,78,76,16.11,NU,2021-12-05 23:37:09
113,Provideniya,64.3833,-173.3,28.51,93,90,20.13,RU,2021-12-05 23:36:07
114,Katsuura,35.1333,140.3,52.2,73,100,10.02,JP,2021-12-05 23:37:10
115,Laguna,38.421,-121.4238,66.24,82,75,3.44,US,2021-12-05 23:36:06
116,Cherskiy,68.75,161.3,-44.09,99,88,4.36,RU,2021-12-05 23:37:11
117,Portland,45.5234,-122.6762,47.1,77,75,1.01,US,2021-12-05 23:35:53
118,Sechura,-5.5569,-80.8222,69.6,73,99,14.45,PE,2021-12-05 23:32:19
119,Tungor,53.3808,142.9564,12.94,90,65,7.4,RU,2021-12-05 23:37:11
120,Hambantota,6.1241,81.1185,77.22,88,9,6.96,LK,2021-12-05 23:37:11
121,Pangnirtung,66.1451,-65.7125,7.14,97,100,6.6,CA,2021-12-05 23:34:57
122,Okhotsk,59.3833,143.3,-11.09,88,19,13.15,RU,2021-12-05 23:37:12
123,Sao Joao Da Barra,-21.6403,-41.0511,75.6,86,43,14.61,BR,2021-12-05 23:33:47
124,Lompoc,34.6391,-120.4579,77.77,75,1,21.99,US,2021-12-05 23:36:01
125,Sorland,67.667,12.6934,26.85,63,65,10.94,NO,2021-12-05 23:37:13
126,Jutai,-5.1833,-68.9,71.4,99,93,1.99,BR,2021-12-05 23:37:13
127,Las Choapas,17.9333,-94.0833,77.05,90,77,5.08,MX,2021-12-05 23:37:13
128,Camacha,33.0833,-16.3333,62.02,59,75,16.11,PT,2021-12-05 23:37:14
129,Nizwa,22.9333,57.5333,61.97,66,1,1.3,OM,2021-12-05 23:37:14
130,Totness,5.8833,-56.3167,76.71,92,100,12.57,SR,2021-12-05 23:37:15
131,Saint-Pierre,-21.3393,55.4781,76.64,72,0,6.91,RE,2021-12-05 23:37:15
132,Vestmannaeyjar,63.4427,-20.2734,44.17,74,100,18.95,IS,2021-12-05 23:37:16
133,Bethel,41.3712,-73.414,44.11,55,75,4.61,US,2021-12-05 23:32:21
134,Dikson,73.5069,80.5464,-3.39,94,100,9.6,RU,2021-12-05 23:34:46
135,Raudeberg,61.9875,5.1352,36.19,78,100,1.99,NO,2021-12-05 23:37:16
136,Parole,38.9796,-76.5305,50.22,68,1,0.0,US,2021-12-05 23:37:17
137,Srednekolymsk,67.45,153.6833,-48.55,99,75,4.63,RU,2021-12-05 23:38:17
138,Gremyachinsk,58.5603,57.851,-3.39,100,81,2.1,RU,2021-12-05 23:38:18
139,Jamestown,42.097,-79.2353,44.71,37,90,13.0,US,2021-12-05 23:38:03
140,Kahului,20.8947,-156.47,74.84,90,90,9.22,US,2021-12-05 23:36:03
141,Asnaes,55.8123,11.5013,29.89,83,94,13.0,DK,2021-12-05 23:38:18
142,Halifax,44.6453,-63.5724,30.2,80,72,1.99,CA,2021-12-05 23:38:01
143,Port Lincoln,-34.7333,135.8667,66.56,55,16,1.19,AU,2021-12-05 23:38:19
144,Santa Maria,-29.6842,-53.8069,78.1,61,20,10.36,BR,2021-12-05 23:38:20
145,Cape Town,-33.9258,18.4232,61.27,90,75,4.0,ZA,2021-12-05 23:37:05
146,Victoria,22.2855,114.1577,65.25,57,39,1.01,HK,2021-12-05 23:35:28
147,Sitka,57.0531,-135.33,35.49,75,90,8.05,US,2021-12-05 23:38:21
148,Hithadhoo,-0.6,73.0833,81.59,76,100,12.03,MV,2021-12-05 23:38:22
149,Oranjemund,-28.55,16.4333,61.47,90,33,6.38,NA,2021-12-05 23:38:23
150,Pimenteiras,-6.2453,-41.4192,81.95,54,67,3.65,BR,2021-12-05 23:38:23
151,Aguimes,27.9054,-15.4461,63.23,63,40,20.71,ES,2021-12-05 23:38:24
152,Klaksvik,62.2266,-6.589,38.32,63,58,20.98,FO,2021-12-05 23:37:28
153,Hirara,24.8,125.2833,70.07,68,20,11.5,JP,2021-12-05 23:38:25
154,Bolshoy Kamen,43.1225,132.3583,8.49,90,17,3.89,RU,2021-12-05 23:38:25
155,Rathcoole,53.2828,-6.4728,41.68,85,0,6.91,IE,2021-12-05 23:38:26
156,Stolin,51.8912,26.846,29.7,96,100,5.39,BY,2021-12-05 23:38:26
157,East London,-33.0153,27.9116,68.27,93,100,4.32,ZA,2021-12-05 23:38:27
158,Dolores,-36.3132,-57.6792,59.61,95,79,6.42,AR,2021-12-05 23:38:27
159,Seoul,37.5683,126.9778,33.24,93,0,1.14,KR,2021-12-05 23:36:13
160,Nome,64.5011,-165.4064,32.07,81,90,28.77,US,2021-12-05 23:38:28
161,Shelburne,44.0787,-80.2041,30.27,96,100,18.48,CA,2021-12-05 23:36:06
162,Salalah,17.0151,54.0924,75.29,33,0,9.22,OM,2021-12-05 23:38:28
163,Saskylakh,71.9167,114.0833,-32.31,98,100,4.61,RU,2021-12-05 23:33:38
164,Lexington,37.9887,-84.4777,62.42,70,20,3.0,US,2021-12-05 23:37:00
165,Cabedelo,-6.9811,-34.8339,79.47,78,69,16.6,BR,2021-12-05 23:38:29
166,Acapulco,16.8634,-99.8901,84.02,74,1,5.75,MX,2021-12-05 23:36:16
167,Pedasi,7.5333,-80.0333,81.07,84,98,7.34,PA,2021-12-05 23:38:29
168,Opunake,-39.4556,173.8583,68.34,91,100,14.43,NZ,2021-12-05 23:38:30
169,Yarada,17.65,83.2667,77.32,83,75,2.3,IN,2021-12-05 23:38:30
170,Half Moon Bay,37.4636,-122.4286,66.51,75,1,1.99,US,2021-12-05 23:34:55
171,Honiton,50.7996,-3.189,40.05,88,71,2.44,GB,2021-12-05 23:38:31
172,Kattivakkam,13.2167,80.3167,80.69,91,2,1.54,IN,2021-12-05 23:38:32
173,Bengkulu,-3.8004,102.2655,76.37,87,94,6.53,ID,2021-12-05 23:37:57
174,Cassilandia,-19.1133,-51.7342,79.14,66,64,3.8,BR,2021-12-05 23:38:33
175,Mutoko,-17.397,32.2268,70.25,45,4,8.25,ZW,2021-12-05 23:38:33
176,Coquimbo,-29.9533,-71.3436,58.73,82,75,11.5,CL,2021-12-05 23:38:33
177,Mogadishu,2.0371,45.3438,79.05,75,79,14.58,SO,2021-12-05 23:38:34
178,Larsnes,62.2028,5.5773,37.0,80,100,6.87,NO,2021-12-05 23:38:34
179,Myre,69.1036,15.9492,21.15,59,41,8.59,NO,2021-12-05 23:38:34
180,Great Falls,47.5002,-111.3008,13.68,85,90,4.61,US,2021-12-05 23:38:35
181,Chokurdakh,70.6333,147.9167,-42.57,99,56,5.79,RU,2021-12-05 23:38:35
182,Saint-Francois,46.4154,3.9054,36.84,92,90,8.05,FR,2021-12-05 23:38:36
183,Mao,39.8885,4.2658,45.16,76,0,8.05,ES,2021-12-05 23:39:36
184,Babati,-4.2167,35.75,64.18,82,97,1.36,TZ,2021-12-05 23:39:37
185,Sinop,41.7711,34.8709,47.73,76,18,11.41,TR,2021-12-05 23:39:37
186,Manbij,36.5281,37.9549,38.17,42,0,5.82,SY,2021-12-05 23:39:37
187,Kodiak,57.79,-152.4072,31.51,80,90,0.0,US,2021-12-05 23:39:38
188,Broome,42.2506,-75.833,42.22,59,90,1.01,US,2021-12-05 23:39:38
189,Tabas,33.5959,56.9244,49.64,35,60,1.43,IR,2021-12-05 23:39:39
190,Matara,5.9485,80.5353,75.52,91,68,4.83,LK,2021-12-05 23:39:39
191,Atuona,-9.8,-139.0333,78.66,75,5,19.08,PF,2021-12-05 23:39:40
192,Ponta Do Sol,32.6667,-17.1,65.03,70,22,9.73,PT,2021-12-05 23:39:40
193,Marawi,7.9986,124.2928,65.64,90,100,2.91,PH,2021-12-05 23:39:40
194,Santa Catarina De Tepehuanes,25.35,-105.7333,60.01,32,100,8.08,MX,2021-12-05 23:39:41
195,Longyearbyen,78.2186,15.6401,15.64,73,75,11.5,SJ,2021-12-05 23:37:20
196,Khetia,21.6667,74.5833,70.63,59,42,3.71,IN,2021-12-05 23:39:41
197,Urumqi,43.801,87.6005,18.55,73,82,4.47,CN,2021-12-05 23:39:42
198,Rocha,-34.4833,-54.3333,60.15,97,84,4.36,UY,2021-12-05 23:39:26
199,Mandalgovi,45.7625,106.2708,17.85,47,0,9.51,MN,2021-12-05 23:39:43
200,Key West,24.5557,-81.7826,78.8,74,20,6.91,US,2021-12-05 23:39:20
201,Ulagan,50.6321,87.9563,5.41,80,98,1.48,RU,2021-12-05 23:39:43
202,Chuy,-33.6971,-53.4616,64.72,84,98,7.54,UY,2021-12-05 23:35:30
203,Upernavik,72.7868,-56.1549,25.14,77,100,6.49,GL,2021-12-05 23:39:44
204,Bassano,50.7834,-112.4685,9.1,92,97,4.18,CA,2021-12-05 23:39:44
205,Haines Junction,60.7522,-137.5108,-0.29,100,100,1.77,CA,2021-12-05 23:39:45
206,Port Elizabeth,-33.918,25.5701,65.1,100,90,16.11,ZA,2021-12-05 23:39:45
207,Denpasar,-8.65,115.2167,76.71,94,75,24.16,ID,2021-12-05 23:39:45
208,Nago,26.5881,127.9761,69.87,67,11,17.36,JP,2021-12-05 23:39:46
209,Gazli,40.1333,63.45,40.01,80,0,9.26,UZ,2021-12-05 23:39:46
210,Rancho Palos Verdes,33.7445,-118.387,74.1,81,1,3.0,US,2021-12-05 23:39:47
211,Las Vegas,36.175,-115.1372,77.68,13,1,14.97,US,2021-12-05 23:39:47
212,Namtsy,62.7161,129.6658,-23.69,96,99,4.54,RU,2021-12-05 23:39:47
213,Melo,-32.3667,-54.1833,64.49,73,36,13.49,UY,2021-12-05 23:39:48
214,Deputatskiy,69.3,139.9,-23.84,97,100,2.68,RU,2021-12-05 23:39:49
215,Gat,31.61,34.7642,61.92,53,37,8.81,IL,2021-12-05 23:39:50
216,Shebalino,51.2917,85.6772,22.98,76,100,5.88,RU,2021-12-05 23:39:50
217,Hilo,19.7297,-155.09,74.93,91,90,11.5,US,2021-12-05 23:39:51
218,Vila Velha,-20.3297,-40.2925,78.75,87,40,8.99,BR,2021-12-05 23:39:51
219,Hofn,64.2539,-15.2082,41.09,97,100,29.55,IS,2021-12-05 23:39:52
220,Sola,-13.8833,167.55,83.07,84,75,0.0,VU,2021-12-05 23:39:52
221,Eureka,40.8021,-124.1637,54.57,83,74,1.01,US,2021-12-05 23:35:22
222,Teguise,29.0605,-13.564,61.02,77,20,16.11,ES,2021-12-05 23:39:53
223,Puerto Ayora,-0.7393,-90.3518,68.81,88,49,9.46,EC,2021-12-05 23:39:53
224,La Romana,18.4273,-68.9728,84.56,74,75,6.91,DO,2021-12-05 23:39:54
225,Mitsamiouli,-11.3847,43.2844,80.69,76,17,12.95,KM,2021-12-05 23:34:59
226,Qaqortoq,60.7167,-46.0333,25.3,67,100,18.34,GL,2021-12-05 23:39:55
227,Celestun,20.8667,-90.4,75.61,67,0,11.23,MX,2021-12-05 23:39:55
228,Maba,24.6841,113.5984,48.74,64,2,1.7,CN,2021-12-05 23:39:56
229,Palora,-1.7,-77.9333,73.51,98,92,1.45,EC,2021-12-05 23:39:56
230,Westport,41.1415,-73.3579,46.15,64,1,11.01,US,2021-12-05 23:40:57
231,Teluk Nibung,3.001,99.8164,75.38,89,100,6.71,ID,2021-12-05 23:40:57
232,Phalaborwa,-23.943,31.1411,75.24,62,99,4.25,ZA,2021-12-05 23:40:58
233,Hamilton,39.1834,-84.5333,60.42,88,90,1.99,US,2021-12-05 23:36:39
234,Puerto Leguizamo,-0.1934,-74.7819,73.38,97,98,1.92,CO,2021-12-05 23:40:58
235,Pevek,69.7008,170.3133,-9.08,96,100,17.09,RU,2021-12-05 23:40:59
236,Los Llanos De Aridane,28.6585,-17.9182,64.15,62,75,14.0,ES,2021-12-05 23:36:17
237,Shihezi,44.3,86.0333,26.76,80,43,4.05,CN,2021-12-05 23:40:59
238,Ballina,-28.8667,153.5667,69.76,91,75,4.61,AU,2021-12-05 23:41:00
239,Jaciara,-15.9653,-54.9683,74.62,89,65,1.16,BR,2021-12-05 23:41:00
240,Koslan,63.4564,48.8989,6.42,96,55,4.72,RU,2021-12-05 23:41:01
241,Quebo,11.3333,-14.9333,73.6,79,90,1.9,GW,2021-12-05 23:41:01
242,La Tuque,47.4334,-72.7824,8.85,85,100,0.0,CA,2021-12-05 23:41:02
243,Mugumu,-1.85,34.7,59.86,80,93,4.72,TZ,2021-12-05 23:41:02
244,Beyla,8.6833,-8.6333,70.99,32,23,1.88,GN,2021-12-05 23:41:03
245,Aklavik,68.2191,-135.0107,-6.77,87,13,8.86,CA,2021-12-05 23:41:03
246,Twin Falls,42.3505,-114.6445,42.69,56,1,19.57,US,2021-12-05 23:41:05
247,Yerkoy,39.6381,34.4672,44.98,62,2,3.87,TR,2021-12-05 23:41:05
248,Cayenne,4.9333,-52.3333,77.09,89,75,1.99,GF,2021-12-05 23:41:06
249,Kuah,6.3265,99.8432,76.98,78,20,3.44,MY,2021-12-05 23:41:06
250,Bom Jesus,-9.0744,-44.3586,73.36,87,24,2.21,BR,2021-12-05 23:38:04
251,Karratha,-20.7377,116.8463,91.81,24,25,17.58,AU,2021-12-05 23:40:43
252,Paka,4.6374,103.4368,73.33,88,20,0.0,MY,2021-12-05 23:41:07
253,Smithers,54.7804,-127.1743,16.12,92,90,3.44,CA,2021-12-05 23:41:08
254,Georgetown,5.4112,100.3354,77.9,81,20,5.01,MY,2021-12-05 23:40:14
255,Sabha,27.0377,14.4283,49.8,33,4,7.09,LY,2021-12-05 23:41:08
256,Yar-Sale,66.8333,70.8333,-14.46,90,41,14.58,RU,2021-12-05 23:41:09
257,Camana,-16.6228,-72.7111,68.61,82,100,5.79,PE,2021-12-05 23:41:09
258,Teeswater,43.9959,-81.2865,30.56,91,100,21.41,CA,2021-12-05 23:41:09
259,Mestia,43.0458,42.7278,38.35,87,97,1.25,GE,2021-12-05 23:41:10
260,Hay River,60.8156,-115.7999,-16.62,76,1,4.61,CA,2021-12-05 23:39:58
261,Saldanha,-33.0117,17.9442,60.85,92,20,15.75,ZA,2021-12-05 23:41:11
262,Cornwall,45.0181,-74.7281,30.85,59,90,11.5,CA,2021-12-05 23:37:57
263,Cabo San Lucas,22.8909,-109.9124,80.51,60,75,2.3,MX,2021-12-05 23:38:38
264,Lloydminster,53.2835,-110.0016,-4.32,71,1,6.91,CA,2021-12-05 23:41:12
265,Quatre Cocos,-20.2078,57.7625,78.1,73,39,10.54,MU,2021-12-05 23:41:13
266,Toppenish,46.3774,-120.3087,43.9,51,94,5.01,US,2021-12-05 23:41:13
267,Terrace Bay,48.7834,-87.1,22.62,93,100,19.57,CA,2021-12-05 23:41:14
268,Ostrovnoy,68.0531,39.5131,10.22,73,82,24.16,RU,2021-12-05 23:41:14
269,Ningyang,35.7642,116.7914,39.29,60,33,2.75,CN,2021-12-05 23:41:15
270,Takahashi,34.7833,133.6167,39.45,76,37,0.83,JP,2021-12-05 23:41:15
271,Taseyevo,57.2169,94.8978,28.67,94,100,9.04,RU,2021-12-05 23:41:15
272,Kapitanivka,48.9172,31.7167,33.87,88,100,9.89,UA,2021-12-05 23:41:16
273,Port Augusta,-32.5,137.7667,77.7,52,94,8.43,AU,2021-12-05 23:41:16
274,Necochea,-38.5473,-58.7368,61.03,86,0,8.52,AR,2021-12-05 23:41:17
275,Okha,53.5739,142.9478,11.32,92,84,6.2,RU,2021-12-05 23:41:17
276,Axim,4.8699,-2.2405,80.15,83,36,8.28,GH,2021-12-05 23:42:18
277,Bonthe,7.5264,-12.505,80.38,80,16,7.85,SL,2021-12-05 23:42:18
278,Xinmin,41.9908,122.8253,30.45,68,100,10.36,CN,2021-12-05 23:42:18
279,Abay,49.6311,72.8539,32.38,93,100,6.8,KZ,2021-12-05 23:42:19
280,Geraldton,-28.7667,114.6,76.12,56,1,13.8,AU,2021-12-05 23:42:20
281,Kavaratti,10.5669,72.642,80.8,71,66,12.66,IN,2021-12-05 23:42:20
282,Fairbanks,64.8378,-147.7164,8.92,77,75,0.0,US,2021-12-05 23:40:02
283,Conceicao Do Araguaia,-8.2578,-49.2647,74.89,82,90,2.59,BR,2021-12-05 23:42:21
284,Soc Trang,9.6033,105.98,71.56,90,100,7.25,VN,2021-12-05 23:42:21
285,Flinders,-34.5833,150.8552,72.05,67,98,6.51,AU,2021-12-05 23:38:34
286,Palmerston North,-40.35,175.6167,68.36,89,99,11.01,NZ,2021-12-05 23:41:54
287,Paamiut,61.994,-49.6678,24.78,70,100,18.68,GL,2021-12-05 23:42:22
288,Yuyao,30.05,121.1494,52.81,76,0,1.97,CN,2021-12-05 23:42:23
289,Tual,-5.6667,132.75,82.17,80,99,14.7,ID,2021-12-05 23:42:23
290,Juneau,58.3019,-134.4197,27.21,91,90,8.05,US,2021-12-05 23:40:46
291,Qujing,25.4833,103.7833,42.08,95,29,2.64,CN,2021-12-05 23:42:23
292,Teguldet,57.3064,88.1667,31.75,92,100,13.27,RU,2021-12-05 23:42:24
293,Vanimo,-2.6741,141.3028,86.41,66,76,2.75,PG,2021-12-05 23:42:25
294,Kibaya,-5.3,36.5667,58.75,95,98,4.29,TZ,2021-12-05 23:42:25
295,Vryburg,-26.9566,24.7284,61.14,70,60,4.72,ZA,2021-12-05 23:42:25
296,Hualmay,-11.0964,-77.6139,66.83,85,100,10.89,PE,2021-12-05 23:42:26
297,Nassau,40.7507,-73.5829,46.92,55,1,1.01,US,2021-12-05 23:42:26
298,Pontes E Lacerda,-15.2261,-59.3353,74.68,95,99,2.89,BR,2021-12-05 23:42:13
299,Bacungan,9.9106,118.7022,79.68,71,29,3.2,PH,2021-12-05 23:42:27
300,Antalaha,-14.9003,50.2788,73.47,88,5,5.75,MG,2021-12-05 23:42:28
301,Lokosovo,61.1333,74.8167,-6.5,100,90,4.94,RU,2021-12-05 23:42:28
302,Mahebourg,-20.4081,57.7,78.26,78,40,8.05,MU,2021-12-05 23:41:05
303,Kieta,-6.2167,155.6333,84.61,70,100,1.61,PG,2021-12-05 23:42:29
304,Henties Bay,-22.116,14.2845,58.86,92,0,8.86,NA,2021-12-05 23:42:29
305,Helong,42.5397,128.9972,33.49,80,23,7.96,CN,2021-12-05 23:42:30
306,Asau,46.4333,26.4,33.96,83,95,2.75,RO,2021-12-05 23:42:30
307,Laguna De Perlas,12.3429,-83.6712,82.49,86,2,10.11,NI,2021-12-05 23:42:31
308,Sibolga,1.7427,98.7792,75.97,85,91,2.91,ID,2021-12-05 23:42:31
309,Nola,40.922,14.5329,49.86,90,100,1.99,IT,2021-12-05 23:42:31
310,Dunmore Town,25.5,-76.65,77.9,77,7,16.37,BS,2021-12-05 23:42:32
311,Iranshahr,27.2025,60.6848,58.98,37,27,3.47,IR,2021-12-05 23:42:32
312,Coron,11.9986,120.2043,80.38,70,69,3.42,PH,2021-12-05 23:42:33
313,Klyuchi,52.2667,79.1667,25.07,84,100,7.27,RU,2021-12-05 23:42:33
314,Turukhansk,65.8167,87.9833,-36.27,99,22,4.54,RU,2021-12-05 23:42:34
315,Talgar,43.3027,77.2395,33.96,87,90,4.47,KZ,2021-12-05 23:42:34
316,Goure,13.9835,10.2704,72.01,15,55,9.22,NE,2021-12-05 23:42:35
317,Imbituba,-28.24,-48.6703,73.81,94,100,11.32,BR,2021-12-05 23:37:37
318,Gariaband,20.635,82.0614,64.29,97,58,2.06,IN,2021-12-05 23:42:35
319,Talcahuano,-36.7167,-73.1167,60.48,77,0,13.8,CL,2021-12-05 23:42:35
320,Lincoln,40.8,-96.667,48.29,37,96,4.0,US,2021-12-05 23:42:36
321,Bandarbeyla,9.4942,50.8122,75.42,66,5,13.78,SO,2021-12-05 23:43:36
322,Talnakh,69.4865,88.3972,-18.8,99,100,13.53,RU,2021-12-05 23:43:37
323,General Pico,-35.6566,-63.7568,66.04,60,0,6.96,AR,2021-12-05 23:43:37
324,Russell,32.3502,-85.1999,67.23,80,1,0.0,US,2021-12-05 23:43:38
325,Shu,43.5983,73.7614,38.03,82,99,2.93,KZ,2021-12-05 23:43:38
326,Kikwit,-5.041,18.8162,70.45,97,100,0.94,CD,2021-12-05 23:43:38
327,Coihaique,-45.5752,-72.0662,67.95,45,40,6.91,CL,2021-12-05 23:39:45
328,Mount Gambier,-37.8333,140.7667,69.71,49,73,10.36,AU,2021-12-05 23:43:39
329,Waingapu,-9.6567,120.2641,80.46,78,100,3.98,ID,2021-12-05 23:43:39
330,Mezhdurechensk,53.6942,88.0603,9.91,97,92,3.18,RU,2021-12-05 23:43:40
331,Lamu,-2.2717,40.902,80.82,80,92,8.41,KE,2021-12-05 23:43:40
332,Ancud,-41.8697,-73.8203,71.13,75,36,4.38,CL,2021-12-05 23:43:41
333,Campos Belos,-13.0367,-46.7717,69.87,94,98,1.86,BR,2021-12-05 23:43:41
334,Omboue,-1.5746,9.2618,76.28,94,100,7.56,GA,2021-12-05 23:43:41
335,Takoradi,4.8845,-1.7554,80.19,83,39,7.94,GH,2021-12-05 23:43:42
336,Itarema,-2.9248,-39.9167,81.01,80,12,16.82,BR,2021-12-05 23:43:42
337,Samarai,-10.6167,150.6667,83.8,72,96,9.13,PG,2021-12-05 23:43:43
338,Lufilufi,-13.8745,-171.5986,83.98,75,22,10.33,WS,2021-12-05 23:43:43
339,Igrim,63.1906,64.4162,-18.56,99,35,1.74,RU,2021-12-05 23:43:44
340,Marsh Harbour,26.5412,-77.0636,76.57,78,8,15.9,BS,2021-12-05 23:43:44
341,Petropavlovsk-Kamchatskiy,53.0452,158.6483,28.78,63,75,6.71,RU,2021-12-05 23:42:15
342,Namatanai,-3.6667,152.4333,81.14,79,94,1.34,PG,2021-12-05 23:43:39
343,Rio Cuarto,-33.1307,-64.3499,64.67,88,90,8.05,AR,2021-12-05 23:43:45
344,Ternate,0.8,127.4,82.45,79,95,8.97,ID,2021-12-05 23:43:45
345,Safaga,26.7292,33.9365,62.55,43,100,12.91,EG,2021-12-05 23:43:45
346,Poronaysk,49.2167,143.1167,22.03,92,74,2.04,RU,2021-12-05 23:43:46
347,Ibra,22.6906,58.5334,63.19,73,1,3.15,OM,2021-12-05 23:43:46
348,Boguchany,58.3814,97.4531,25.95,97,100,5.48,RU,2021-12-05 23:43:47
349,Sai Buri,6.7013,101.6168,74.97,77,85,2.01,TH,2021-12-05 23:43:47
350,Caravelas,-17.7125,-39.2481,74.25,88,0,5.01,BR,2021-12-05 23:43:48
351,Zonguldak,41.25,31.8333,47.95,78,80,4.23,TR,2021-12-05 23:43:48
352,Port Blair,11.6667,92.75,78.64,70,44,10.76,IN,2021-12-05 23:43:49
353,Walvis Bay,-22.9575,14.5053,59.09,82,0,8.05,NA,2021-12-05 23:43:49
354,Inhambane,-23.865,35.3833,76.14,89,0,8.19,MZ,2021-12-05 23:43:50
355,Lazaro Cardenas,17.9583,-102.2,79.34,77,71,4.63,MX,2021-12-05 23:40:57
356,Ayan,56.45,138.1667,22.17,67,100,6.91,RU,2021-12-05 23:43:50
357,Darab,28.7519,54.5444,52.16,45,42,1.86,IR,2021-12-05 23:43:50
358,Jinchang,38.4953,102.1739,26.98,45,18,6.58,CN,2021-12-05 23:43:51
359,Codrington,-38.2667,141.9667,74.62,36,91,11.07,AU,2021-12-05 23:43:51
360,Jalu,29.0331,21.5482,56.55,62,1,6.67,LY,2021-12-05 23:41:10
361,Kirkland Lake,48.1446,-80.0377,9.43,85,100,7.07,CA,2021-12-05 23:43:52
362,Buala,-8.145,159.5921,79.81,87,100,14.23,SB,2021-12-05 23:43:52
363,Mount Isa,-20.7333,139.5,80.37,54,98,14.97,AU,2021-12-05 23:43:52
364,San Patricio,28.017,-97.5169,79.48,84,100,13.47,US,2021-12-05 23:43:53
365,Port Shepstone,-30.7414,30.455,72.93,91,100,4.18,ZA,2021-12-05 23:43:54
366,Saint George,37.1041,-113.5841,68.47,26,1,1.99,US,2021-12-05 23:42:59
367,Elko,41.0002,-115.5012,51.82,37,62,8.99,US,2021-12-05 23:44:54
368,Oktyabrskiy,54.4815,53.471,26.08,89,100,4.23,RU,2021-12-05 23:44:55
369,Ust-Maya,60.4167,134.5333,-10.03,98,98,3.89,RU,2021-12-05 23:44:55
370,Mbour,14.422,-16.9638,75.29,51,100,11.03,SN,2021-12-05 23:44:55
371,Riyadh,24.6877,46.7219,55.54,35,4,2.51,SA,2021-12-05 23:41:15
372,Sulmona,42.0479,13.9291,41.07,84,44,3.0,IT,2021-12-05 23:44:56
373,Cidreira,-30.1811,-50.2056,69.69,87,49,13.98,BR,2021-12-05 23:44:58
374,Bejar,40.3864,-5.7634,33.94,96,58,4.97,ES,2021-12-05 23:44:58
375,Koshurnikovo,54.1667,93.3,-1.95,99,94,3.71,RU,2021-12-05 23:44:59
376,Mattru,7.6244,-11.8332,76.37,89,47,1.72,SL,2021-12-05 23:44:59
377,Mamlyutka,54.9375,68.5394,27.95,96,100,6.53,KZ,2021-12-05 23:45:00
378,Jati,24.3539,68.2671,67.82,42,0,6.04,PK,2021-12-05 23:45:00
379,Tiksi,71.6872,128.8694,-15.97,94,100,6.71,RU,2021-12-05 23:45:00
380,Naze,28.3667,129.4833,65.32,69,63,17.54,JP,2021-12-05 23:45:01
381,Abnub,27.2696,31.1511,52.02,62,76,5.48,EG,2021-12-05 23:45:01
382,Dingle,10.9995,122.6711,77.14,82,32,9.95,PH,2021-12-05 23:45:02
383,Adrar,20.5022,-10.0711,60.71,13,100,10.92,MR,2021-12-05 23:45:02
384,Isangel,-19.55,169.2667,84.31,74,75,5.75,VU,2021-12-05 23:45:03
385,Ridgecrest,35.6225,-117.6709,75.06,11,1,8.05,US,2021-12-05 23:41:04
386,Uaua,-9.8414,-39.4817,76.69,63,63,9.78,BR,2021-12-05 23:45:03
387,Bonfim,3.0833,-59.95,80.85,68,96,9.82,BR,2021-12-05 23:42:20
388,Rio Gallegos,-51.6226,-69.2181,60.85,21,0,28.77,AR,2021-12-05 23:45:04
389,Dudinka,69.4058,86.1778,-18.38,97,100,21.34,RU,2021-12-05 23:45:05
390,Wattegama,6.7989,81.4808,72.9,96,5,1.92,LK,2021-12-05 23:45:05
391,Sao Miguel Do Araguaia,-13.275,-50.1628,73.26,92,60,4.25,BR,2021-12-05 23:45:06
392,Norrtalje,59.758,18.705,20.01,77,58,4.81,SE,2021-12-05 23:45:06
393,Bam,29.106,58.357,52.83,39,8,2.21,IR,2021-12-05 23:45:06
394,Atar,20.5169,-13.0499,68.54,15,100,8.77,MR,2021-12-05 23:45:07
395,Blarney,51.9333,-8.5667,45.25,93,75,10.36,IE,2021-12-05 23:45:07
396,Lingyuan,41.24,119.4011,32.04,48,84,12.68,CN,2021-12-05 23:45:08
397,Wajima,37.4,136.9,45.28,93,75,4.61,JP,2021-12-05 23:45:08
398,Ponta Delgada,37.7333,-25.6667,63.5,63,75,4.61,PT,2021-12-05 23:45:09
399,Aleksandrovka,46.8383,32.7612,40.51,82,100,8.1,UA,2021-12-05 23:45:10
400,Price,39.5994,-110.8107,56.46,11,1,11.5,US,2021-12-05 23:45:10
401,Goksun,38.021,36.4973,32.95,79,1,0.47,TR,2021-12-05 23:45:12
402,Warrnambool,-38.3833,142.4833,71.82,46,98,7.76,AU,2021-12-05 23:45:12
403,Yulara,-25.2406,130.9889,73.24,56,75,12.66,AU,2021-12-05 23:45:13
404,Micheweni,-4.9667,39.8333,79.36,79,99,6.17,TZ,2021-12-05 23:45:13
405,Severo-Kurilsk,50.6789,156.125,31.96,81,94,17.02,RU,2021-12-05 23:45:14
406,Jumla,29.2747,82.1838,39.94,90,77,4.16,NP,2021-12-05 23:45:14
407,Norman Wells,65.282,-126.8329,-29.16,68,75,4.61,CA,2021-12-05 23:45:15
408,Tevaitoa,-16.7833,-151.5,81.27,66,75,17.27,PF,2021-12-05 23:45:15
409,Zyryanovsk,49.7386,84.2719,10.87,94,100,0.72,KZ,2021-12-05 23:45:15
410,Tagusao,9.1924,117.8141,78.76,75,23,4.0,PH,2021-12-05 23:45:16
411,Tari,12.4086,4.4914,74.32,20,23,10.07,NG,2021-12-05 23:45:16
412,Olafsvik,64.8945,-23.7142,42.17,87,100,16.75,IS,2021-12-05 23:45:17
413,Wilmington,34.2257,-77.9447,61.86,88,40,0.0,US,2021-12-05 23:43:44
414,Nueva Loja,0.0847,-76.8828,72.55,97,96,1.52,EC,2021-12-05 23:46:17
415,Meadow Lake,34.8014,-106.5436,62.08,26,0,9.31,US,2021-12-05 23:46:18
416,Kawhia,-38.0651,174.8183,75.15,78,74,5.48,NZ,2021-12-05 23:46:18
417,Golpayegan,33.4537,50.2884,41.32,26,29,3.76,IR,2021-12-05 23:46:19
418,Najran,17.4924,44.1277,52.45,40,0,1.05,SA,2021-12-05 23:46:19
419,Stromness,58.965,-3.296,35.56,62,82,21.36,GB,2021-12-05 23:46:19
420,Verkhnyaya Inta,65.9811,60.3094,0.97,96,99,10.6,RU,2021-12-05 23:46:20
421,Marion,39.7684,-86.1555,58.19,91,90,16.11,US,2021-12-05 23:45:52
422,Ascension,30.2169,-90.9001,73.4,85,75,0.0,US,2021-12-05 23:41:47
423,Yaan,7.3833,8.5667,78.55,33,86,1.52,NG,2021-12-05 23:43:46
424,Boone,39.0334,-92.3335,65.86,65,98,7.11,US,2021-12-05 23:46:20
425,Alyangula,-13.8483,136.4192,85.87,89,98,0.0,AU,2021-12-05 23:46:21
426,Petatlan,17.5167,-101.2667,78.31,79,16,2.68,MX,2021-12-05 23:46:21
427,Tadine,-21.55,167.8833,80.82,74,84,13.11,NC,2021-12-05 23:46:21
428,Porto Novo,6.4965,2.6036,84.02,84,96,7.36,BJ,2021-12-05 23:46:22
429,Santo Antonio Do Ica,-3.1022,-67.9397,74.61,98,98,2.17,BR,2021-12-05 23:46:23
430,Abha,18.2164,42.5053,53.42,43,0,0.0,SA,2021-12-05 23:41:53
431,Utiel,39.5667,-1.2,43.03,82,31,13.42,ES,2021-12-05 23:46:23
432,Zaysan,47.4667,84.8667,19.47,84,96,0.98,KZ,2021-12-05 23:46:23
433,Richards Bay,-28.783,32.0377,77.5,72,90,14.23,ZA,2021-12-05 23:46:24
434,Mushie,-3.0167,16.9,72.81,96,100,1.01,CD,2021-12-05 23:46:24
435,Talara,-4.5772,-81.2719,66.72,87,98,17.85,PE,2021-12-05 23:46:24
436,Zhangjiakou,40.81,114.8794,24.53,59,1,6.46,CN,2021-12-05 23:46:25
437,Kamina,-8.7386,24.9906,63.43,95,98,3.71,CD,2021-12-05 23:46:25
438,Chicama,-7.8447,-79.1469,63.14,77,100,6.42,PE,2021-12-05 23:46:25
439,Solnechnyy,50.7214,136.6319,14.7,89,87,4.03,RU,2021-12-05 23:46:26
440,Jerusalem,31.769,35.2163,54.23,76,59,3.0,IL,2021-12-05 23:42:26
441,Vuktyl,63.8567,57.3094,-13.65,93,5,0.67,RU,2021-12-05 23:46:27
442,Lavrentiya,65.5833,-171.0,29.25,97,100,19.98,RU,2021-12-05 23:46:27
443,Polyarnyy,69.1989,33.4478,-7.13,84,87,28.66,RU,2021-12-05 23:46:28
444,San Vicente,-26.6167,-54.1333,73.31,54,20,2.51,AR,2021-12-05 23:46:28
445,Guerrero Negro,27.9769,-114.0611,65.71,75,0,15.66,MX,2021-12-05 23:46:28
446,Mahibadhoo,3.7833,72.9667,82.53,73,19,13.44,MV,2021-12-05 23:46:29
447,Srivardhan,18.0333,73.0167,71.17,87,1,4.7,IN,2021-12-05 23:46:29
448,Morro Bay,35.3658,-120.8499,72.75,64,1,4.0,US,2021-12-05 23:46:30
449,Esperance,-33.8667,121.9,64.24,67,90,12.33,AU,2021-12-05 23:46:30
450,Belomorsk,64.5232,34.7668,6.01,94,57,4.65,RU,2021-12-05 23:46:31
451,Mehamn,71.0357,27.8492,28.35,74,90,25.32,NO,2021-12-05 23:46:31
452,Lukovetskiy,64.2956,41.9211,-2.22,95,7,3.4,RU,2021-12-05 23:46:32
453,Tinqueux,49.25,3.9833,39.22,93,90,3.44,FR,2021-12-05 23:46:32
454,Hasaki,35.7333,140.8333,48.6,61,100,11.32,JP,2021-12-05 23:46:33
455,Tessalit,20.1986,1.0114,65.61,17,56,8.16,ML,2021-12-05 23:46:33
456,Ahuimanu,21.4447,-157.8378,73.85,71,74,9.93,US,2021-12-05 23:45:10
457,Khasan,42.4308,130.6434,29.89,66,2,4.45,RU,2021-12-05 23:46:34
458,Sennoy,52.1509,46.9631,26.42,85,56,5.48,RU,2021-12-05 23:46:34
459,Sorada,19.75,84.4333,70.59,93,98,1.92,IN,2021-12-05 23:47:35
460,Osinki,52.8432,49.5132,23.43,94,58,4.12,RU,2021-12-05 23:47:35
461,Mahina,-17.5065,-149.489,85.77,62,20,20.71,PF,2021-12-05 23:47:36
462,Craig,40.5153,-107.5464,52.56,22,1,14.97,US,2021-12-05 23:47:36
463,Monrovia,6.3005,-10.7969,74.97,82,50,7.94,LR,2021-12-05 23:47:37
464,Beloha,-25.1667,45.05,71.42,97,6,4.12,MG,2021-12-05 23:44:42
465,Haicheng,40.8516,122.7475,33.58,64,100,10.36,CN,2021-12-05 23:47:37
466,Junin,-34.5838,-60.9433,65.77,71,38,9.1,AR,2021-12-05 23:47:38
467,Svarstad,59.399,9.9698,20.95,48,100,3.8,NO,2021-12-05 23:47:39
468,Slovenske Konjice,46.3367,15.4258,36.05,94,100,1.86,SI,2021-12-05 23:47:39
469,Aksu,41.1231,80.2644,29.93,46,100,2.42,CN,2021-12-05 23:47:40
470,Lata,40.1629,-8.3327,54.01,94,47,1.66,PT,2021-12-05 23:47:40
471,Zhezkazgan,47.8043,67.7144,31.6,94,100,7.11,KZ,2021-12-05 23:47:40
472,Rosarito,32.3333,-117.0333,70.81,67,0,8.1,MX,2021-12-05 23:47:41
473,Ngunguru,-35.6167,174.5,78.17,80,44,13.0,NZ,2021-12-05 23:46:11
474,Merauke,-8.4667,140.3333,83.44,75,100,3.96,ID,2021-12-05 23:47:41
475,Mackenzie,55.2999,-123.1698,5.22,85,1,2.3,CA,2021-12-05 23:47:42
476,Ahipara,-35.1667,173.1667,75.4,63,56,10.36,NZ,2021-12-05 23:45:06
477,Opotiki,-38.0833,177.2833,75.38,78,74,7.72,NZ,2021-12-05 23:47:42
478,Ati,13.2154,18.3353,76.33,19,32,11.05,TD,2021-12-05 23:47:43
479,Buta,2.7858,24.73,72.32,91,100,3.38,CD,2021-12-05 23:47:43
480,Puerto Madryn,-42.7692,-65.0385,65.43,56,4,13.35,AR,2021-12-05 23:47:44
481,Zilair,52.2332,57.4392,27.14,97,100,7.2,RU,2021-12-05 23:47:44
482,Cascais,38.6979,-9.4215,57.61,67,19,1.01,PT,2021-12-05 23:47:45
483,Port Keats,-14.25,129.55,88.03,55,86,1.34,AU,2021-12-05 23:45:45
484,Tongren,27.7172,109.1853,50.45,76,0,0.43,CN,2021-12-05 23:47:45
485,Mian Channun,30.44,72.3543,57.96,44,0,5.28,PK,2021-12-05 23:47:46
486,Edd,13.9297,41.6925,79.52,52,0,16.06,ER,2021-12-05 23:47:46
487,Palmer,42.1584,-72.3287,38.57,68,75,3.44,US,2021-12-05 23:47:46
488,Aasiaat,68.7098,-52.8699,27.55,94,100,7.2,GL,2021-12-05 23:47:47
489,Kruisfontein,-34.0033,24.7314,62.89,94,47,12.15,ZA,2021-12-05 23:47:47
490,San Andres,12.5847,-81.7006,82.42,78,40,12.66,CO,2021-12-05 23:44:13
491,Yumen,40.2833,97.2,23.36,53,43,6.6,CN,2021-12-05 23:47:48
492,Noumea,-22.2763,166.4572,87.78,99,98,7.61,NC,2021-12-05 23:47:48
493,Calvinia,-31.4707,19.776,53.83,88,19,4.59,ZA,2021-12-05 23:47:49
494,Sao Borja,-28.6606,-56.0044,75.94,45,0,10.31,BR,2021-12-05 23:47:49
495,Plettenberg Bay,-34.0527,23.3716,64.42,90,99,10.74,ZA,2021-12-05 23:47:50
496,Narsaq,60.9167,-46.05,25.02,63,98,13.62,GL,2021-12-05 23:47:50
497,Krasnaya Gorka,55.1962,56.6673,23.36,98,100,1.68,RU,2021-12-05 23:47:51
498,Kushiro,42.975,144.3747,31.15,86,20,3.44,JP,2021-12-05 23:47:51
499,Nioki,-2.7167,17.6833,72.09,88,97,1.16,CD,2021-12-05 23:47:52
500,Inuvik,68.3499,-133.7218,-1.19,81,20,6.91,CA,2021-12-05 23:47:52
501,Bangsund,64.3968,11.3949,19.9,88,4,8.72,NO,2021-12-05 23:47:53
502,Rybachiy,48.7073,44.7449,33.66,90,100,11.54,RU,2021-12-05 23:47:53
503,Sinnamary,5.3833,-52.95,77.16,88,100,5.99,GF,2021-12-05 23:47:54
504,Bana,5.1481,10.2762,62.44,93,100,2.68,CM,2021-12-05 23:47:55
505,Sibiti,-3.6819,13.3499,69.46,98,100,2.13,CG,2021-12-05 23:47:55
506,Marsa Matruh,31.3525,27.2453,62.8,77,40,10.36,EG,2021-12-05 23:47:56
507,Awjilah,29.1081,21.2869,56.17,61,0,7.74,LY,2021-12-05 23:48:56
508,Lagos,6.5833,3.75,82.72,85,60,3.91,NG,2021-12-05 23:48:57
509,Kiama,-34.6833,150.8667,72.25,64,99,1.01,AU,2021-12-05 23:48:57
510,Kiruna,67.8557,20.2251,-24.52,100,83,2.57,SE,2021-12-05 23:48:57
511,Waipawa,-41.4122,175.5153,52.45,95,100,7.36,NZ,2021-12-05 23:48:58
512,Rezekne,56.5,27.3167,7.11,96,97,8.03,LV,2021-12-05 23:48:59
513,Gravdal,68.1214,13.5031,23.5,69,12,8.95,NO,2021-12-05 23:48:59
514,Uni,57.7535,51.4923,-2.92,96,24,6.35,RU,2021-12-05 23:48:59
515,Muisne,0.6,-80.0333,74.66,85,99,9.17,EC,2021-12-05 23:49:00
516,Santa Marta De Tormes,40.9506,-5.6272,43.45,96,0,5.01,ES,2021-12-05 23:49:00
517,Nemuro,43.3236,145.575,34.23,69,3,15.03,JP,2021-12-05 23:44:22
518,Soyo,-6.1349,12.3689,78.3,89,98,6.64,AO,2021-12-05 23:49:01
519,Tumen,42.9661,129.8425,24.91,80,18,1.43,CN,2021-12-05 23:49:02
520,Katima Mulilo,-17.5,24.2667,68.25,80,100,3.78,NA,2021-12-05 23:49:02
521,Omsukchan,62.5333,155.8,-32.55,99,69,3.76,RU,2021-12-05 23:49:03
522,Biak,-0.9131,122.8766,78.8,83,100,1.72,ID,2021-12-05 23:47:03
523,Lake Havasu City,34.4839,-114.3224,79.41,12,1,8.01,US,2021-12-05 23:44:23
524,Linxia,35.6003,103.2064,26.08,62,0,2.28,CN,2021-12-05 23:49:03
525,Yerbogachen,61.2767,108.0108,-25.35,100,83,2.51,RU,2021-12-05 23:49:04
526,Luga,58.7372,29.8453,0.36,91,63,5.88,RU,2021-12-05 23:49:04
527,Mozhaysk,55.5019,36.0272,20.46,98,100,2.95,RU,2021-12-05 23:49:04
528,Wasilla,61.5814,-149.4394,26.29,70,90,0.0,US,2021-12-05 23:46:30
529,Te Anau,-45.4167,167.7167,51.6,65,83,5.77,NZ,2021-12-05 23:46:01
530,Damaturu,11.747,11.9608,72.34,18,66,10.42,NG,2021-12-05 23:49:05
531,Bijie,27.3125,105.2942,43.59,90,30,0.56,CN,2021-12-05 23:49:05
532,Sayat,38.7839,63.8803,39.07,76,0,11.18,TM,2021-12-05 23:49:06
533,Polczyn-Zdroj,53.7642,16.0957,35.91,97,100,9.33,PL,2021-12-05 23:49:06
534,Hovd,48.0056,91.6419,19.65,53,100,1.39,MN,2021-12-05 23:49:07
535,Goya,-29.14,-59.2626,76.82,49,19,6.64,AR,2021-12-05 23:49:07
536,Mansa,29.9833,75.3833,58.71,57,23,6.24,IN,2021-12-05 23:49:08
537,Poum,-20.2333,164.0167,80.98,75,14,12.21,NC,2021-12-05 23:49:08
538,Touros,-5.1989,-35.4608,81.5,77,80,15.05,BR,2021-12-05 23:49:09
539,Manakara,-22.1333,48.0167,74.77,92,4,7.25,MG,2021-12-05 23:49:09
540,Atambua,-9.1061,124.8925,79.61,79,94,3.91,ID,2021-12-05 23:49:10
541,Katobu,-4.9408,122.5276,80.01,85,99,6.11,ID,2021-12-05 23:49:10
542,Saryg-Sep,51.5,95.6,-4.25,97,95,3.18,RU,2021-12-05 23:49:11
543,Yeroham,30.9872,34.9314,53.06,58,0,2.15,IL,2021-12-05 23:49:11
544,Askino,56.0901,56.5783,17.51,91,100,7.87,RU,2021-12-05 23:49:11
545,Worland,44.0169,-107.9554,27.88,63,90,5.99,US,2021-12-05 23:46:32
546,Kasongo-Lunda,-6.4667,16.8167,68.68,97,99,1.19,CD,2021-12-05 23:49:12
547,Camalu,30.85,-116.0667,67.42,70,3,8.41,MX,2021-12-05 23:49:13
548,Antigonish,45.6169,-61.9986,31.82,72,51,5.01,CA,2021-12-05 23:49:13
549,Dengfeng,34.4553,113.0281,43.38,33,3,8.39,CN,2021-12-05 23:49:14
550,Korsakov,46.6328,142.7813,40.84,79,72,23.87,RU,2021-12-05 23:49:14
551,Anchorage,61.2181,-149.9003,27.21,86,90,1.99,US,2021-12-05 23:47:10
552,Verkhnevilyuysk,63.4453,120.3167,-31.49,96,30,4.92,RU,2021-12-05 23:49:14
553,Ilulissat,69.2167,-51.1,30.22,64,75,13.8,GL,2021-12-05 23:47:00
554,Pangkalanbuun,-2.6833,111.6167,75.63,94,100,2.71,ID,2021-12-05 23:50:15
555,Harstad,68.799,16.5293,20.43,100,32,6.58,NO,2021-12-05 23:50:16
556,Havre-Saint-Pierre,50.2334,-63.5986,23.59,53,90,18.41,CA,2021-12-05 23:50:16
557,Bella Union,-30.2752,-57.6007,79.75,41,60,10.94,UY,2021-12-05 23:50:16
558,Inverell,-29.7833,151.1167,78.12,60,57,8.01,AU,2021-12-05 23:50:17
559,Brigham City,41.5102,-112.0155,51.82,39,1,6.91,US,2021-12-05 23:50:18
560,Malibu,34.005,-118.8101,76.24,79,2,1.99,US,2021-12-05 23:48:42
561,Baykit,61.67,96.37,-10.95,96,100,3.24,RU,2021-12-05 23:50:19
562,Masyaf,35.0653,36.3406,44.65,71,21,1.41,SY,2021-12-05 23:50:19
563,Tigil,57.8,158.6667,22.32,89,100,22.91,RU,2021-12-05 23:50:20
564,Sultanpur,26.2667,82.0667,69.01,59,47,3.04,IN,2021-12-05 23:50:20
565,Zhigansk,66.7697,123.3711,-27.87,96,100,6.96,RU,2021-12-05 23:50:20
566,Portobelo,9.55,-79.65,80.04,90,66,11.99,PA,2021-12-05 23:50:21
567,Mnogovershinnyy,53.9353,139.9242,5.13,91,94,3.6,RU,2021-12-05 23:50:21
568,Huarmey,-10.0681,-78.1522,66.9,86,100,9.62,PE,2021-12-05 23:46:03
569,Winslow,35.0242,-110.6974,62.78,23,1,5.75,US,2021-12-05 23:50:22
570,Porto Seguro,-16.4497,-39.0647,77.52,88,40,3.44,BR,2021-12-05 23:50:22
571,Eregli,37.5133,34.0467,43.2,55,0,2.91,TR,2021-12-05 23:50:23
572,Luocheng,29.3848,104.0286,52.9,79,86,2.33,CN,2021-12-05 23:47:19
573,Iaciara,-14.0958,-46.6317,70.03,86,49,1.81,BR,2021-12-05 23:50:23
574,Puro,12.4841,123.3827,78.49,76,37,12.03,PH,2021-12-05 23:50:24
575,Trincomalee,8.5711,81.2335,79.43,79,1,5.14,LK,2021-12-05 23:50:24
576,Avila,40.5833,-5.0,38.64,95,81,10.42,ES,2021-12-05 23:50:25
577,Batagay-Alyta,67.8006,130.4114,-21.05,98,100,2.46,RU,2021-12-05 23:50:25
578,Teknaf,20.8624,92.3058,75.09,85,80,6.26,BD,2021-12-05 23:50:26
579,Manat,7.5327,126.0173,75.81,85,100,4.27,PH,2021-12-05 23:50:26
580,Alva,56.1528,-3.8051,34.16,92,56,2.68,GB,2021-12-05 23:50:27
581,Kazanskaya,45.4106,40.4361,42.96,90,99,1.43,RU,2021-12-05 23:50:27
582,Meulaboh,4.1363,96.1285,76.3,85,93,3.13,ID,2021-12-05 23:50:28
583,Thinadhoo,0.5333,72.9333,81.95,77,89,16.04,MV,2021-12-05 23:50:28
584,Nhulunbuy,-12.2333,136.7667,84.81,74,75,17.27,AU,2021-12-05 23:50:29
585,Kaeo,-35.1,173.7833,78.33,79,36,8.77,NZ,2021-12-05 23:50:29
586,Ciudad Bolivar,8.1222,-63.5497,81.48,65,83,14.16,VE,2021-12-05 23:50:30
587,Torquay,50.4638,-3.5143,40.51,86,73,1.99,GB,2021-12-05 23:50:30
588,Temamatla,19.2,-98.8833,70.72,56,35,5.39,MX,2021-12-05 23:50:31
589,Arman,59.7,150.1667,-12.84,90,22,5.39,RU,2021-12-05 23:50:31
590,Mlonggo,-6.5333,110.7,76.89,82,98,11.14,ID,2021-12-05 23:50:32
591,Labuhan,-6.8844,112.2051,79.41,78,100,6.8,ID,2021-12-05 23:50:32
592,Baker City,44.7749,-117.8344,38.93,55,1,11.5,US,2021-12-05 23:50:33
593,Tokur,53.1333,132.9,5.79,95,100,4.27,RU,2021-12-05 23:50:33
594,Finnsnes,69.2296,17.9811,17.56,85,7,3.94,NO,2021-12-05 23:50:34
595,Oxford,51.7522,-1.256,39.4,94,90,4.61,GB,2021-12-05 23:47:37
596,Maldonado,-34.6667,-54.9167,65.59,96,43,5.79,UY,2021-12-05 23:50:34
597,San Cristobal,7.7669,-72.225,75.38,79,66,1.99,VE,2021-12-05 23:50:35
598,Manokwari,-0.8667,134.0833,83.16,73,96,3.0,ID,2021-12-05 23:50:35
599,Sao Jose,-28.2333,-49.1667,67.46,100,80,0.76,BR,2021-12-05 23:50:35
600,Pitimbu,-7.4706,-34.8086,79.39,77,31,15.93,BR,2021-12-05 23:51:36
601,Sal Rei,16.1833,-22.9167,72.16,75,40,18.34,CV,2021-12-05 23:51:37
602,Shimoda,34.6667,138.95,52.16,82,100,16.6,JP,2021-12-05 23:51:37
603,Riberalta,-10.9833,-66.1,75.4,94,90,0.0,BO,2021-12-05 23:51:37
604,Mitzic,0.7821,11.549,69.67,97,100,2.95,GA,2021-12-05 23:51:38
605,Forestville,38.8451,-76.875,50.05,55,75,0.0,US,2021-12-05 23:51:38
606,Egvekinot,66.3167,-179.1667,-0.38,82,97,26.8,RU,2021-12-05 23:51:38
607,Minab,27.1467,57.0801,58.5,46,15,1.39,IR,2021-12-05 23:51:39
608,Warwick,41.7001,-71.4162,41.88,66,75,4.61,US,2021-12-05 23:49:23
609,Kemijarvi,66.7131,27.4306,-0.4,98,17,3.49,FI,2021-12-05 23:51:39
610,Colares,38.7992,-9.4469,57.43,67,26,1.01,PT,2021-12-05 23:49:32
611,Tecoanapa,16.5167,-98.75,80.46,73,1,6.73,MX,2021-12-05 23:51:40
612,Baiyin,36.5583,104.2081,20.28,32,8,2.59,CN,2021-12-05 23:51:40
613,Ligayan,4.6533,119.4706,82.09,73,81,5.41,PH,2021-12-05 23:51:41
614,Cape Canaveral,28.4058,-80.6048,73.08,77,90,4.61,US,2021-12-05 23:51:34
615,Itoman,26.1247,127.6694,69.82,62,20,11.5,JP,2021-12-05 23:51:41
616,Nachalovo,46.338,48.2013,44.53,100,90,4.47,RU,2021-12-05 23:51:42
617,Muli,2.9167,73.5667,82.71,73,50,15.35,MV,2021-12-05 23:51:42
618,Tateyama,34.9833,139.8667,52.11,76,100,11.81,JP,2021-12-05 23:48:35
619,Gawler,-34.6,138.7333,80.6,34,53,4.88,AU,2021-12-05 23:50:31
620,Barauna,-5.08,-37.6167,85.1,63,60,15.48,BR,2021-12-05 23:51:43
621,Augustow,53.8432,22.9798,28.6,87,100,7.27,PL,2021-12-05 23:51:43
622,Puerto El Triunfo,13.2833,-88.55,79.63,73,5,3.78,SV,2021-12-05 23:51:44
623,Puerto Escondido,15.85,-97.0667,80.35,74,0,3.47,MX,2021-12-05 23:51:01
624,Bima,-8.4667,118.7167,77.27,94,100,1.88,ID,2021-12-05 23:51:44
625,Les Cayes,18.2,-73.75,76.8,81,37,3.58,HT,2021-12-05 23:51:44
626,Vredefort,-27.0081,27.3646,59.16,94,99,7.49,ZA,2021-12-05 23:51:45
627,Skelleftea,64.7507,20.9528,-10.84,77,75,4.61,SE,2021-12-05 23:51:45
628,Asyut,27.181,31.1837,51.98,62,81,5.77,EG,2021-12-05 23:51:46
629,Severo-Yeniseyskiy,60.3725,93.0408,8.42,96,100,2.71,RU,2021-12-05 23:51:46
630,Praia,14.9215,-23.5087,72.14,83,0,18.41,CV,2021-12-05 23:51:46
631,Peniche,39.3558,-9.3811,57.72,74,81,17.38,PT,2021-12-05 23:51:47
632,Ormara,25.2088,64.6357,71.17,30,1,14.92,PK,2021-12-05 23:51:47
633,Bocaiuva,-17.1078,-43.815,78.51,85,36,3.76,BR,2021-12-05 23:51:48
634,Caxito,-8.5785,13.6643,81.25,93,100,1.12,AO,2021-12-05 23:51:48
635,Tsiroanomandidy,-18.7667,46.0333,70.81,65,4,3.13,MG,2021-12-05 23:51:49
636,Broken Hill,-31.95,141.4333,76.71,22,75,5.75,AU,2021-12-05 23:50:53
637,Ondjiva,-17.0667,15.7333,72.28,63,37,6.85,AO,2021-12-05 23:51:49
638,Xucheng,20.35,110.1288,59.7,53,89,10.51,CN,2021-12-05 23:51:50
639,Boa Vista,2.8197,-60.6733,84.18,61,75,9.22,BR,2021-12-05 23:51:50
640,Betanzos,43.2804,-8.2147,53.67,81,75,6.91,ES,2021-12-05 23:51:50
641,Rawson,-43.3002,-65.1023,63.27,62,28,13.78,AR,2021-12-05 23:51:51
642,Fukue,32.6881,128.8419,50.36,87,40,2.3,JP,2021-12-05 23:51:52
643,Bilibino,68.0546,166.4372,-18.18,99,100,2.66,RU,2021-12-05 23:51:53
644,Laureles,26.1092,-97.4941,78.84,65,20,5.99,US,2021-12-05 23:51:53
645,Tabou,4.423,-7.3528,79.86,83,37,5.99,CI,2021-12-05 23:51:53
646,Montanhas,-6.4858,-35.2875,81.95,83,94,9.04,BR,2021-12-05 23:52:54
647,Ambilobe,-13.2,49.05,74.37,75,4,3.24,MG,2021-12-05 23:52:55
648,Tezu,27.9167,96.1667,64.06,60,90,3.33,IN,2021-12-05 23:52:55
649,Xining,36.6167,101.7667,24.03,43,4,1.16,CN,2021-12-05 23:52:55
650,Eyl,7.9803,49.8164,74.03,69,37,12.82,SO,2021-12-05 23:52:56
651,Rosetta,31.4044,30.4164,64.22,66,70,7.67,EG,2021-12-05 23:52:56
652,Yen Bai,21.7,104.8667,59.47,73,16,2.17,VN,2021-12-05 23:52:56
653,Madras,13.0878,80.2785,80.58,91,20,0.0,IN,2021-12-05 23:52:57
654,Tortoli,39.9256,9.6572,46.22,71,20,5.75,IT,2021-12-05 23:52:57
655,Gemena,3.25,19.7667,71.17,90,100,1.36,CD,2021-12-05 23:52:58
656,Padang,-0.9492,100.3543,73.45,84,98,3.47,ID,2021-12-05 23:52:58
657,Zhengjiatun,43.5064,123.5064,23.49,82,98,7.54,CN,2021-12-05 23:52:59
658,Arak,34.0917,49.6892,40.44,26,14,3.31,IR,2021-12-05 23:52:59
659,Doha,25.2867,51.5333,64.38,70,0,1.14,QA,2021-12-05 23:52:59
660,Shumskiy,54.8318,99.1328,19.04,82,72,4.0,RU,2021-12-05 23:53:00
661,Warri,5.5167,5.75,78.31,89,100,3.42,NG,2021-12-05 23:53:00
662,Quixada,-4.9714,-39.0153,80.98,70,68,9.28,BR,2021-12-05 23:53:00
663,Boralday,43.3578,76.8594,37.26,87,90,4.47,KZ,2021-12-05 23:53:01
664,Nizhniy Kuranakh,58.8353,125.4869,-0.2,92,100,6.87,RU,2021-12-05 23:53:02
665,Avera,33.194,-82.5271,64.06,72,99,5.99,US,2021-12-05 23:53:03
666,Jardim,-21.4803,-56.1381,79.45,54,62,5.01,BR,2021-12-05 23:53:03
667,Hohhot,40.8106,111.6522,10.69,61,0,2.24,CN,2021-12-05 23:53:03
668,Kodinar,20.7903,70.7031,70.97,62,0,9.91,IN,2021-12-05 23:53:05
669,Sneek,53.033,5.6589,40.95,94,96,13.0,NL,2021-12-05 23:53:05
670,Strzelce Opolskie,50.5107,18.3006,36.36,100,100,1.66,PL,2021-12-05 23:53:06
671,Magadan,59.5667,150.8,-6.86,90,27,6.26,RU,2021-12-05 23:53:06
672,Yurga,55.7231,84.8861,26.15,91,96,14.54,RU,2021-12-05 23:53:07
673,Joshimath,30.5667,79.5667,44.06,88,91,1.12,IN,2021-12-05 23:53:07
674,Makakilo City,21.3469,-158.0858,73.62,78,90,5.75,US,2021-12-05 23:50:53
675,Gizo,-8.103,156.8419,83.68,72,99,3.8,SB,2021-12-05 23:53:08
676,Saumur,47.3333,-0.25,43.9,85,85,12.28,FR,2021-12-05 23:53:08
677,College,64.8569,-147.8028,11.23,78,75,0.0,US,2021-12-05 23:53:08
678,Moquegua,-17.1956,-70.9353,65.01,65,96,5.35,PE,2021-12-05 23:53:09
679,Taltal,-25.4,-70.4833,63.12,77,40,2.53,CL,2021-12-05 23:53:09
680,Menongue,-14.6585,17.691,62.58,94,100,4.43,AO,2021-12-05 23:53:09
681,Pacifica,37.6138,-122.4869,64.42,78,40,1.01,US,2021-12-05 23:50:34
682,Vila,42.0304,-8.1588,42.33,86,76,2.59,PT,2021-12-05 23:53:10
683,Poso,-1.3959,120.7524,82.33,71,97,1.23,ID,2021-12-05 23:53:10
684,Esso,55.9333,158.7,7.36,86,64,9.53,RU,2021-12-05 23:53:11
685,Ayni,39.3941,68.5377,34.32,70,3,7.83,TJ,2021-12-05 23:53:11
686,Berlevag,70.8578,29.0864,21.61,89,54,27.04,NO,2021-12-05 23:53:12
687,Evensk,61.95,159.2333,-13.56,80,29,7.56,RU,2021-12-05 23:52:07
688,Sobolevo,54.4299,31.8996,23.5,97,100,4.97,RU,2021-12-05 23:53:13
689,Pyaozerskiy,65.8333,31.1667,-3.41,97,60,4.36,RU,2021-12-05 23:53:14
690,Pamekasan,-7.1568,113.4746,78.1,87,100,3.69,ID,2021-12-05 23:54:14
691,Suruc,36.9761,38.425,44.8,41,1,3.69,TR,2021-12-05 23:54:14
692,Port-Gentil,-0.7193,8.7815,80.56,94,75,8.05,GA,2021-12-05 23:54:15
693,Ferme-Neuve,46.7001,-75.4493,19.18,61,100,6.24,CA,2021-12-05 23:54:15
694,Atikokan,48.7555,-91.6216,23.05,95,100,9.69,CA,2021-12-05 23:54:15
695,Catuday,16.2923,119.8062,74.91,71,92,8.72,PH,2021-12-05 23:54:16
696,Kirakira,-10.4544,161.9205,81.81,85,100,14.47,SB,2021-12-05 23:54:16
697,Burnie,-41.0667,145.9167,59.49,80,95,14.34,AU,2021-12-05 23:54:16
698,Pederneiras,-22.3517,-48.775,78.58,73,18,0.45,BR,2021-12-05 23:54:17
699,Licheng,23.2955,113.8284,51.73,46,17,4.68,CN,2021-12-05 23:54:17
700,Florina,40.782,21.4098,44.42,93,98,4.52,GR,2021-12-05 23:54:17
701,Campbellsville,37.3434,-85.3419,66.31,90,24,16.71,US,2021-12-05 23:54:18
702,Murmino,54.6036,40.0544,26.19,85,77,3.98,RU,2021-12-05 23:54:18
703,Kimbe,-5.5502,150.1429,88.52,60,90,2.24,PG,2021-12-05 23:54:18
704,Chalmette,29.9427,-89.9634,73.99,75,1,5.99,US,2021-12-05 23:54:19
705,Khani,41.9563,42.9566,38.77,68,72,6.33,GE,2021-12-05 23:52:08
706,Warrington,53.3925,-2.5802,39.97,93,40,4.61,GB,2021-12-05 23:50:08
707,Ishinomaki,38.4167,141.3,32.0,75,14,3.02,JP,2021-12-05 23:54:19
708,Launceston,-41.45,147.1667,64.62,66,75,7.0,AU,2021-12-05 23:50:09
709,Ryotsu,38.0833,138.4333,39.16,66,20,3.02,JP,2021-12-05 23:54:20
710,Quelimane,-17.8786,36.8883,80.55,83,0,14.0,MZ,2021-12-05 23:54:20
711,Chapais,49.7834,-74.8492,1.18,98,95,4.05,CA,2021-12-05 23:54:20
712,Borogontsy,62.6683,131.1683,-15.09,100,100,4.29,RU,2021-12-05 23:54:21
